key,method,pca_components,neighbors,min_dist,seed,trustworthiness,knn_overlap,distance_spearman,population_silhouette,super_population_silhouette,outlier_jaccard,seed_disparity
pca_d50_s2024,PCA,50,,,2024,0.867383305882964,0.0492545260915868,0.9152198768065943,-0.13179273903369904,0.5324015617370605,0.07692307692307693,
tsne_d50_s2024,t-SNE,50,,,2024,0.9550786080709666,0.27670394036208734,0.6619537240016228,-0.07382950186729431,0.5846132636070251,0.13513513513513514,
umap_d10_s2024_n5_m0,UMAP,10,5.0,0.0,2024,0.9804243882903034,0.40899893503727364,0.533442328602312,-0.08790472894906998,0.6134585738182068,0.125,0.07105706530686724
umap_d10_s2025_n5_m0,UMAP,10,5.0,0.0,2025,0.9801585983184663,0.4082268370607029,0.5338797019326325,-0.0825759619474411,0.6407947540283203,0.13513513513513514,0.07105706530686724
umap_d10_s2026_n5_m0,UMAP,10,5.0,0.0,2026,0.9801768413317142,0.4062300319488818,0.6521296890244738,-0.08595665544271469,0.6291564702987671,0.13513513513513514,0.07105706530686724
umap_d10_s2024_n5_m0.1,UMAP,10,5.0,0.1,2024,0.9780384918994582,0.39930777422790203,0.5923786898338794,-0.07879088819026947,0.6092140078544617,0.13513513513513514,0.040553289020959934
umap_d10_s2025_n5_m0.1,UMAP,10,5.0,0.1,2025,0.9777206878774962,0.3943290734824281,0.6195155950871039,-0.07690925151109695,0.6202985644340515,0.125,0.040553289020959934
umap_d10_s2026_n5_m0.1,UMAP,10,5.0,0.1,2026,0.9782282728931573,0.4005324813631523,0.5715132383383239,-0.07305777817964554,0.6172361373901367,0.1559633027522936,0.040553289020959934
umap_d10_s2024_n5_m0.5,UMAP,10,5.0,0.5,2024,0.9703194544781018,0.34781682641107564,0.5319345350208108,-0.06793253123760223,0.5418336987495422,0.13513513513513514,0.07079691052058074
umap_d10_s2025_n5_m0.5,UMAP,10,5.0,0.5,2025,0.9707859712515866,0.3503993610223642,0.5824936846300286,-0.071091428399086,0.563704788684845,0.13513513513513514,0.07079691052058074
umap_d10_s2026_n5_m0.5,UMAP,10,5.0,0.5,2026,0.971238376517765,0.35194355697550583,0.6114094562026874,-0.06992094218730927,0.5374401211738586,0.10526315789473684,0.07079691052058074
umap_d10_s2024_n15_m0,UMAP,10,15.0,0.0,2024,0.978494009209073,0.39869542066027686,0.5601164515386777,-0.0924118235707283,0.6891597509384155,0.14545454545454545,0.04488285675793285
umap_d10_s2025_n15_m0,UMAP,10,15.0,0.0,2025,0.978902159071349,0.39944089456869014,0.5329442350367871,-0.09229890257120132,0.6820985078811646,0.1559633027522936,0.04488285675793285
umap_d10_s2026_n15_m0,UMAP,10,15.0,0.0,2026,0.9778833297061931,0.39547390841320557,0.543348258846814,-0.09555394947528839,0.6828134655952454,0.16666666666666666,0.04488285675793285
umap_d10_s2024_n15_m0.1,UMAP,10,15.0,0.1,2024,0.9771566139078723,0.38873801916932904,0.5301803489917282,-0.08622720837593079,0.6661407947540283,0.13513513513513514,0.05775750733958862
umap_d10_s2025_n15_m0.1,UMAP,10,15.0,0.1,2025,0.9771979289672866,0.3889510117145899,0.6336240990350405,-0.08364736288785934,0.6526952981948853,0.1559633027522936,0.05775750733958862
umap_d10_s2026_n15_m0.1,UMAP,10,15.0,0.1,2026,0.9765981952723554,0.38572949946751867,0.49039124660578376,-0.08605390042066574,0.6660299897193909,0.14545454545454545,0.05775750733958862
umap_d10_s2024_n15_m0.5,UMAP,10,15.0,0.5,2024,0.9694169833439142,0.3291267305644303,0.5209231518625784,-0.07185788452625275,0.6011337637901306,0.14545454545454545,0.10660460364303635
umap_d10_s2025_n15_m0.5,UMAP,10,15.0,0.5,2025,0.9696545395699542,0.3328274760383387,0.5422519317552116,-0.07328689098358154,0.5777867436408997,0.13513513513513514,0.10660460364303635
umap_d10_s2026_n15_m0.5,UMAP,10,15.0,0.5,2026,0.9687610933617323,0.32920660276890307,0.6965485791724481,-0.07121775299310684,0.5744137763977051,0.13513513513513514,0.10660460364303635
umap_d10_s2024_n50_m0,UMAP,10,50.0,0.0,2024,0.9743247509614068,0.3498402555910543,0.6524383077790347,-0.10433850437402725,0.6984270811080933,0.1559633027522936,0.11014843549402467
umap_d10_s2025_n50_m0,UMAP,10,50.0,0.0,2025,0.9733557786783388,0.3406815761448349,0.6369930217719522,-0.09943108260631561,0.6948589086532593,0.125,0.11014843549402467
umap_d10_s2026_n50_m0,UMAP,10,50.0,0.0,2026,0.9740082454127407,0.3479499467518637,0.4881549934381413,-0.10334622859954834,0.6986885666847229,0.1559633027522936,0.11014843549402467
umap_d10_s2024_n50_m0.1,UMAP,10,50.0,0.1,2024,0.9725810086368863,0.3373269435569755,0.5728596386110167,-0.09315801411867142,0.6886824369430542,0.14545454545454545,0.09104683667012448
umap_d10_s2025_n50_m0.1,UMAP,10,50.0,0.1,2025,0.9715728460688882,0.3288871139510117,0.4629664247551941,-0.09008340537548065,0.6925858855247498,0.125,0.09104683667012448
umap_d10_s2026_n50_m0.1,UMAP,10,50.0,0.1,2026,0.9718744245402439,0.3367678381256656,0.5172209093448356,-0.09289173036813736,0.6704205870628357,0.13513513513513514,0.09104683667012448
umap_d10_s2024_n50_m0.5,UMAP,10,50.0,0.5,2024,0.9655955549717792,0.288604898828541,0.6644419509839864,-0.07281973958015442,0.5977190136909485,0.14545454545454545,0.28400847598986423
umap_d10_s2025_n50_m0.5,UMAP,10,50.0,0.5,2025,0.9659653945062346,0.2869009584664537,0.522481516249377,-0.07466572523117065,0.6026263236999512,0.14545454545454545,0.28400847598986423
umap_d10_s2026_n50_m0.5,UMAP,10,50.0,0.5,2026,0.965501088356708,0.2878061767838126,0.4903601264499541,-0.07717829942703247,0.6020205616950989,0.13513513513513514,0.28400847598986423
umap_d10_s2024_n100_m0,UMAP,10,100.0,0.0,2024,0.9715917973402974,0.3262513312034079,0.4739911505257843,-0.10844028741121292,0.7098759412765503,0.125,0.09053490487950745
umap_d10_s2025_n100_m0,UMAP,10,100.0,0.0,2025,0.9715423158496587,0.32026091586794464,0.5583850752544722,-0.1070191040635109,0.7153864502906799,0.13513513513513514,0.09053490487950745
umap_d10_s2026_n100_m0,UMAP,10,100.0,0.0,2026,0.9713344313481072,0.32132587859424927,0.46577122014474426,-0.10678578168153763,0.7150382399559021,0.125,0.09053490487950745
umap_d10_s2024_n100_m0.1,UMAP,10,100.0,0.1,2024,0.9700341337509052,0.312779552715655,0.5424575820006571,-0.10939543694257736,0.7067903876304626,0.125,0.18037507381579423
umap_d10_s2025_n100_m0.1,UMAP,10,100.0,0.1,2025,0.9696013236271918,0.3119808306709265,0.7863159524016933,-0.10304170101881027,0.6902793049812317,0.125,0.18037507381579423
umap_d10_s2026_n100_m0.1,UMAP,10,100.0,0.1,2026,0.9699829352707843,0.31190095846645366,0.44075136256656944,-0.10600275546312332,0.6898263692855835,0.13513513513513514,0.18037507381579423
umap_d10_s2024_n100_m0.5,UMAP,10,100.0,0.5,2024,0.9647225945943162,0.27348242811501594,0.4527044124585466,-0.07617080211639404,0.6286687254905701,0.2,0.1422161674676069
umap_d10_s2025_n100_m0.5,UMAP,10,100.0,0.5,2025,0.964428366984181,0.2711128860489883,0.5224145561755771,-0.07342012226581573,0.6137539148330688,0.16666666666666666,0.1422161674676069
umap_d10_s2026_n100_m0.5,UMAP,10,100.0,0.5,2026,0.9645824024030984,0.2717784877529286,0.5434075253580771,-0.07545948773622513,0.6099323630332947,0.14545454545454545,0.1422161674676069
umap_d25_s2024_n5_m0,UMAP,25,5.0,0.0,2024,0.949344110017818,0.25694888178913744,0.6185133723181984,-0.10222313553094864,0.6904166340827942,0.06779661016949153,0.014311741758053047
umap_d25_s2025_n5_m0,UMAP,25,5.0,0.0,2025,0.9499914150525892,0.2589723109691161,0.6268902566696601,-0.09979035705327988,0.6904611587524414,0.058823529411764705,0.014311741758053047
umap_d25_s2026_n5_m0,UMAP,25,5.0,0.0,2026,0.9496173688939025,0.25532481363152293,0.6126714007302768,-0.09876688569784164,0.6875447630882263,0.06779661016949153,0.014311741758053047
umap_d25_s2024_n5_m0.1,UMAP,25,5.0,0.1,2024,0.9461725943582301,0.2394834930777423,0.7225949819556963,-0.10288143157958984,0.6484730243682861,0.07692307692307693,0.05813904371266151
umap_d25_s2025_n5_m0.1,UMAP,25,5.0,0.1,2025,0.9477949133328096,0.24552715654952076,0.6614497365425556,-0.09608426690101624,0.6592495441436768,0.08620689655172414,0.05813904371266151
umap_d25_s2026_n5_m0.1,UMAP,25,5.0,0.1,2026,0.9466326831523412,0.24512779552715652,0.6307011554270141,-0.09891412407159805,0.6686303615570068,0.08620689655172414,0.05813904371266151
umap_d25_s2024_n5_m0.5,UMAP,25,5.0,0.5,2024,0.9385962065692877,0.19677848775292864,0.7433412619264361,-0.08234351873397827,0.5725606679916382,0.08620689655172414,0.121659801866162
umap_d25_s2025_n5_m0.5,UMAP,25,5.0,0.5,2025,0.9381290459247469,0.19515441959531415,0.7062401289012693,-0.08019879460334778,0.5745261907577515,0.10526315789473684,0.121659801866162
umap_d25_s2026_n5_m0.5,UMAP,25,5.0,0.5,2026,0.9374226013334999,0.1947018104366347,0.7305811386878837,-0.08183551579713821,0.5664886832237244,0.10526315789473684,0.121659801866162
umap_d25_s2024_n15_m0,UMAP,25,15.0,0.0,2024,0.9513153963734606,0.24579339723109692,0.6532291293610366,-0.10028590261936188,0.7143229842185974,0.11504424778761062,0.07751637699540398
umap_d25_s2025_n15_m0,UMAP,25,15.0,0.0,2025,0.9515361261025755,0.24158679446219386,0.7476276235525481,-0.10688663274049759,0.7098917365074158,0.08620689655172414,0.07751637699540398
umap_d25_s2026_n15_m0,UMAP,25,15.0,0.0,2026,0.9506737574039805,0.24440894568690097,0.6016048883079621,-0.10024560242891312,0.7030625939369202,0.10526315789473684,0.07751637699540398
umap_d25_s2024_n15_m0.1,UMAP,25,15.0,0.1,2024,0.9491209443098754,0.22917997870074547,0.598066888752687,-0.08949850499629974,0.6861611008644104,0.08620689655172414,0.29796985720245395
umap_d25_s2025_n15_m0.1,UMAP,25,15.0,0.1,2025,0.9493864230773689,0.23093716719914803,0.5353941686605146,-0.09558548778295517,0.6971878409385681,0.10526315789473684,0.29796985720245395
umap_d25_s2026_n15_m0.1,UMAP,25,15.0,0.1,2026,0.9488419335190258,0.23309371671991483,0.7429954739776543,-0.10212863236665726,0.7063875794410706,0.09565217391304348,0.29796985720245395
umap_d25_s2024_n15_m0.5,UMAP,25,15.0,0.5,2024,0.9414171559013572,0.18575612353567625,0.5276484378498012,-0.07514871656894684,0.5950412154197693,0.09565217391304348,0.2858194206635206
umap_d25_s2025_n15_m0.5,UMAP,25,15.0,0.5,2025,0.9418920322673834,0.19052183173588924,0.6454128233692569,-0.07627933472394943,0.6141859292984009,0.125,0.2858194206635206
umap_d25_s2026_n15_m0.5,UMAP,25,15.0,0.5,2026,0.9419202445508119,0.19116080937167199,0.6138331521468336,-0.07724464684724808,0.6120169758796692,0.10526315789473684,0.2858194206635206
umap_d25_s2024_n50_m0,UMAP,25,50.0,0.0,2024,0.9477346684643546,0.20947816826411075,0.7294632108638697,-0.10814362019300461,0.7226310968399048,0.11504424778761062,0.4555702100591307
umap_d25_s2025_n50_m0,UMAP,25,50.0,0.0,2025,0.9495071059755955,0.21432374866879658,0.5451619506084545,-0.12019528448581696,0.7192624807357788,0.125,0.4555702100591307
umap_d25_s2026_n50_m0,UMAP,25,50.0,0.0,2026,0.9488175737307477,0.2132055378061768,0.6188776253328975,-0.1195981428027153,0.7294847369194031,0.09565217391304348,0.4555702100591307
umap_d25_s2024_n50_m0.1,UMAP,25,50.0,0.1,2024,0.9469497574537733,0.20111821086261983,0.6013731491986376,-0.09674224257469177,0.7105728983879089,0.11504424778761062,0.05335001503229199
umap_d25_s2025_n50_m0.1,UMAP,25,50.0,0.1,2025,0.9465305759340745,0.2058572949946752,0.5721433923063661,-0.10281062871217728,0.7146892547607422,0.09565217391304348,0.05335001503229199
umap_d25_s2026_n50_m0.1,UMAP,25,50.0,0.1,2026,0.9466012085888965,0.20255591054313096,0.5909655984180368,-0.09598441421985626,0.7037911415100098,0.125,0.05335001503229199
umap_d25_s2024_n50_m0.5,UMAP,25,50.0,0.5,2024,0.9409016727340782,0.17393503727369541,0.48424895230952175,-0.07929206639528275,0.6310115456581116,0.11504424778761062,0.1344183783435412
umap_d25_s2025_n50_m0.5,UMAP,25,50.0,0.5,2025,0.9387821136054676,0.17175186368477102,0.5908486805992089,-0.08217718452215195,0.6366448402404785,0.11504424778761062,0.1344183783435412
umap_d25_s2026_n50_m0.5,UMAP,25,50.0,0.5,2026,0.9401311307792256,0.17124600638977636,0.6624452328394801,-0.07955820858478546,0.631534993648529,0.11504424778761062,0.1344183783435412
umap_d25_s2024_n100_m0,UMAP,25,100.0,0.0,2024,0.9459394057241853,0.19656549520766772,0.5562437747199809,-0.11187539249658585,0.7298513054847717,0.09565217391304348,0.37141716288592275
umap_d25_s2025_n100_m0,UMAP,25,100.0,0.0,2025,0.9464721660981286,0.19896166134185303,0.569804264625372,-0.12468376010656357,0.7235674858093262,0.07692307692307693,0.37141716288592275
umap_d25_s2026_n100_m0,UMAP,25,100.0,0.0,2026,0.9465344606227778,0.19771033013844513,0.823087639101793,-0.11519243568181992,0.7222408652305603,0.10526315789473684,0.37141716288592275
umap_d25_s2024_n100_m0.1,UMAP,25,100.0,0.1,2024,0.9455778292016128,0.1903887113951012,0.6183218332178533,-0.11119195073843002,0.709436297416687,0.08620689655172414,0.08903719843791146
umap_d25_s2025_n100_m0.1,UMAP,25,100.0,0.1,2025,0.9439372135578641,0.18780617678381256,0.5606159758016032,-0.11463625729084015,0.7081750631332397,0.09565217391304348,0.08903719843791146
umap_d25_s2026_n100_m0.1,UMAP,25,100.0,0.1,2026,0.9452244727661859,0.19030883919062833,0.5475437405124886,-0.10706156492233276,0.6943195462226868,0.10526315789473684,0.08903719843791146
umap_d25_s2024_n100_m0.5,UMAP,25,100.0,0.5,2024,0.9394648959354137,0.1618210862619808,0.5892324478868416,-0.08397883176803589,0.6377575397491455,0.10526315789473684,0.09770398099568792
umap_d25_s2025_n100_m0.5,UMAP,25,100.0,0.5,2025,0.9391490879137248,0.16216719914802982,0.5860836502353742,-0.08033820986747742,0.6412471532821655,0.09565217391304348,0.09770398099568792
umap_d25_s2026_n100_m0.5,UMAP,25,100.0,0.5,2026,0.9386918214210749,0.16198083067092653,0.6100050405805278,-0.08615706115961075,0.622768759727478,0.13513513513513514,0.09770398099568792
umap_d50_s2024_n5_m0,UMAP,50,5.0,0.0,2024,0.9314354697404212,0.20069222577209797,0.4851058492274045,-0.09652859717607498,0.7048238515853882,0.13513513513513514,0.10235270118260412
umap_d50_s2025_n5_m0,UMAP,50,5.0,0.0,2025,0.9325521460436914,0.20391373801916932,0.6659344058632896,-0.10205678641796112,0.7025511264801025,0.09565217391304348,0.10235270118260412
umap_d50_s2026_n5_m0,UMAP,50,5.0,0.0,2026,0.9325778901547394,0.20066560170394038,0.687790651112958,-0.0931384414434433,0.6892845630645752,0.13513513513513514,0.10235270118260412
umap_d50_s2024_n5_m0.1,UMAP,50,5.0,0.1,2024,0.9296249150626765,0.19132055378061769,0.5927240169932338,-0.08807890862226486,0.6697719097137451,0.13513513513513514,0.09257563641677406
umap_d50_s2025_n5_m0.1,UMAP,50,5.0,0.1,2025,0.9279665715025246,0.1873269435569755,0.5359409986975235,-0.09104074537754059,0.6723763346672058,0.1559633027522936,0.09257563641677406
umap_d50_s2026_n5_m0.1,UMAP,50,5.0,0.1,2026,0.9285587611749188,0.18982960596379125,0.7740849673061966,-0.08633933216333389,0.6635109782218933,0.11504424778761062,0.09257563641677406
umap_d50_s2024_n5_m0.5,UMAP,50,5.0,0.5,2024,0.9198006661060696,0.14345047923322685,0.7213233773239074,-0.07074873149394989,0.6033496260643005,0.10526315789473684,0.18820810328495913
umap_d50_s2025_n5_m0.5,UMAP,50,5.0,0.5,2025,0.9197611968103486,0.1431576144834931,0.6181798540780222,-0.07337946444749832,0.5985785126686096,0.16666666666666666,0.18820810328495913
umap_d50_s2026_n5_m0.5,UMAP,50,5.0,0.5,2026,0.9206383638120429,0.14371671991480298,0.7807124043649791,-0.06986984610557556,0.5776928067207336,0.13513513513513514,0.18820810328495913
umap_d50_s2024_n15_m0,UMAP,50,15.0,0.0,2024,0.932692134342408,0.18383919062832801,0.6305734545381095,-0.10859135538339615,0.7168149352073669,0.10526315789473684,0.05375799527256878
umap_d50_s2025_n15_m0,UMAP,50,15.0,0.0,2025,0.9340141089318222,0.18626198083067091,0.6349604727986656,-0.09975062310695648,0.7079054117202759,0.10526315789473684,0.05375799527256878
umap_d50_s2026_n15_m0,UMAP,50,15.0,0.0,2026,0.9338261415082636,0.18503727369542064,0.578553933285989,-0.10582223534584045,0.7200661897659302,0.09565217391304348,0.05375799527256878
umap_d50_s2024_n15_m0.1,UMAP,50,15.0,0.1,2024,0.9311342239357777,0.17196485623003194,0.5763988648672373,-0.08891291916370392,0.6820541024208069,0.10526315789473684,0.06732016963249711
umap_d50_s2025_n15_m0.1,UMAP,50,15.0,0.1,2025,0.9307414625917355,0.17542598509052182,0.5831482588601711,-0.09214141219854355,0.6973211169242859,0.10526315789473684,0.06732016963249711
umap_d50_s2026_n15_m0.1,UMAP,50,15.0,0.1,2026,0.9311072886632765,0.17627795527156548,0.6191451564752448,-0.09712646901607513,0.7053574919700623,0.07692307692307693,0.06732016963249711
umap_d50_s2024_n15_m0.5,UMAP,50,15.0,0.5,2024,0.9236035080670605,0.13927050053248136,0.6561578815580733,-0.07304848730564117,0.5983020067214966,0.10526315789473684,0.3790044165255565
umap_d50_s2025_n15_m0.5,UMAP,50,15.0,0.5,2025,0.9236787443999315,0.14307774227902023,0.6113882963458418,-0.07461436092853546,0.6297228932380676,0.10526315789473684,0.3790044165255565
umap_d50_s2026_n15_m0.5,UMAP,50,15.0,0.5,2026,0.9246366850255767,0.14265175718849837,0.546542591811818,-0.07091473788022995,0.5971326231956482,0.09565217391304348,0.3790044165255565
umap_d50_s2024_n50_m0,UMAP,50,50.0,0.0,2024,0.9313821894105532,0.16365814696485623,0.5767273266307394,-0.10680335760116577,0.7243430018424988,0.07692307692307693,0.0700215496584149
umap_d50_s2025_n50_m0,UMAP,50,50.0,0.0,2025,0.932248421335483,0.16368477103301385,0.5383252226808332,-0.1126449853181839,0.7227259278297424,0.10526315789473684,0.0700215496584149
umap_d50_s2026_n50_m0,UMAP,50,50.0,0.0,2026,0.9322817631249896,0.16128860489882854,0.5616204014007771,-0.10779205709695816,0.7247495055198669,0.09565217391304348,0.0700215496584149
umap_d50_s2024_n50_m0.1,UMAP,50,50.0,0.1,2024,0.9296426751726325,0.15508519701810436,0.5827648859715686,-0.10004051774740219,0.7110443115234375,0.09565217391304348,0.2806640738802111
umap_d50_s2025_n50_m0.1,UMAP,50,50.0,0.1,2025,0.9312910387314195,0.1545793397231097,0.6549967500147653,-0.08441044390201569,0.6917586922645569,0.13513513513513514,0.2806640738802111
umap_d50_s2026_n50_m0.1,UMAP,50,50.0,0.1,2026,0.9302550072778891,0.15737486687965918,0.6934933152123948,-0.08489523082971573,0.6894757747650146,0.09565217391304348,0.2806640738802111
umap_d50_s2024_n50_m0.5,UMAP,50,50.0,0.5,2024,0.924274861685766,0.13266773162939297,0.5777786514458301,-0.0709453895688057,0.6334728002548218,0.10526315789473684,0.11348330078551451
umap_d50_s2025_n50_m0.5,UMAP,50,50.0,0.5,2025,0.9238671839955976,0.12859424920127796,0.5865538772392377,-0.07824669033288956,0.6414011716842651,0.125,0.11348330078551451
umap_d50_s2026_n50_m0.5,UMAP,50,50.0,0.5,2026,0.9247960216495204,0.1360756123535676,0.5889363641049775,-0.07279830425977707,0.6333796381950378,0.125,0.11348330078551451
umap_d50_s2024_n100_m0,UMAP,50,100.0,0.0,2024,0.93104706525719,0.14832268370607027,0.555547366229743,-0.1088501587510109,0.7246716618537903,0.11504424778761062,0.015854252495790505
umap_d50_s2025_n100_m0,UMAP,50,100.0,0.0,2025,0.9300853579858683,0.15023961661341856,0.5744511153599724,-0.10823170840740204,0.7212628722190857,0.11504424778761062,0.015854252495790505
umap_d50_s2026_n100_m0,UMAP,50,100.0,0.0,2026,0.9305366042841463,0.1487220447284345,0.5846702583927104,-0.09942860901355743,0.7220429182052612,0.09565217391304348,0.015854252495790505
umap_d50_s2024_n100_m0.1,UMAP,50,100.0,0.1,2024,0.9286590762854134,0.14494142705005325,0.579015018427423,-0.1003466323018074,0.7117027044296265,0.125,0.056949054532844205
umap_d50_s2025_n100_m0.1,UMAP,50,100.0,0.1,2025,0.9291490192341454,0.14427582534611288,0.5689720482677754,-0.1040165051817894,0.7078015804290771,0.10526315789473684,0.056949054532844205
umap_d50_s2026_n100_m0.1,UMAP,50,100.0,0.1,2026,0.9288366022666836,0.1440894568690096,0.5784071237769278,-0.08073911815881729,0.6871685981750488,0.09565217391304348,0.056949054532844205
umap_d50_s2024_n100_m0.5,UMAP,50,100.0,0.5,2024,0.9237102618881132,0.125692225772098,0.5925359132354062,-0.07340636104345322,0.6342709064483643,0.10526315789473684,0.08939387901497411
umap_d50_s2025_n100_m0.5,UMAP,50,100.0,0.5,2025,0.923301854477415,0.12601171458998933,0.5869836351890585,-0.07578232884407043,0.636635959148407,0.125,0.08939387901497411
umap_d50_s2026_n100_m0.5,UMAP,50,100.0,0.5,2026,0.9248152841252733,0.13027156549520766,0.5881713067841737,-0.0725877657532692,0.6497172713279724,0.06779661016949153,0.08939387901497411
